"Dosya Adı","Link"
"Tekstil İmalatı Kontrol Listesi","https://drive.google.com/open?id=1gez_onqPz3ksXwGPSmNOFG8_KiYwnDZH3H3DqXWCkIg"
"Laboratuvar İçin Kontrol Listesi","https://drive.google.com/open?id=1P6UTMo5xKZ77RsTW45CxtDznpknvp9CJnCSRSqQi48o"
"Özel Güvenlik Faaliyetleri İçin Kontrol Listesi","https://drive.google.com/open?id=1eKT6txRwlZFK3jDqLkqkEMIgse9XXEXI4YJfMS4qaxw"
"Lojistik Firma Deposu Risk Değerlendirme","https://drive.google.com/open?id=13XXivyRv8G_Zz04dciS3p1imj0LkOlkeBJJ6Efgi_Ok"
"Ofislerde Risk Değerlendirme Rehberi","https://drive.google.com/open?id=1MPbbN-tsv7QS1NoWHYrkh03iv4v3WthnU167wugjUrE"
"Mersin Terminali TMR.pdf","https://drive.google.com/open?id=1tKFjfHj6z0X8ZB4-iLQ7-V5lMeg_L1p9"
"Elle Taşıma Kontrol Listesi.pdf","https://drive.google.com/open?id=1Pct6SNSCSBhHWlZvB56BiAjd9ggmhAih"
"Yangın Çeklisti.pdf","https://drive.google.com/open?id=16m7xgpAryvYUZxWTdHaodhUA5I4Cmswi"
"Belediye Risk Analizi","https://drive.google.com/open?id=1yF1UkM-0q8v9IO1gGqXhRxigi_r8PRHmH4tZxZCHB3U"
"Belediye Risk Analizi","https://drive.google.com/open?id=1UdUB2L7l0TEUSk4UnH_PwCXyiqY7_eAutRhpg-8JRug"
"Tehlikeli Durum Kazaya Ramak Kala Formu","https://drive.google.com/open?id=1isB32-iQ-cEBVK7KvFXY16grxCkFkt4GwcA8modO9cg"
"Aile Çalışma Ve Sosyal Hizmetler Bakanlığı İsg Denetimlerinde.pdf","https://drive.google.com/open?id=1Iu6X-YiUxsyRTv2ZsxTz7fayy_uwzqKk"
"Belediye Risk Analiz Çalışması","https://drive.google.com/open?id=1YhiBeo_M_nwWOyKs4xjiB4hheRNf73Hp_E8GtuBo3g8"
"Lojistik Risk Analizi","https://drive.google.com/open?id=1Me95fwP83VuFr82JqxVPLSI6z8zkhAnlKVMyvheAmc8"
"Tehlikeli Madde Taşımacılığı.pdf","https://drive.google.com/open?id=1_Jml6mzBiZjOAFJvR_18J7342UUBWKV3"
"Osha Isg Kontrol Listeleri.pdf","https://drive.google.com/open?id=1dO_3YT5q9rSLtqiQovngI_xsNicFjESL"
"Acil Durum Eylem Planı (Yeni)","https://drive.google.com/open?id=1bZ76fvPhqFs05Wju5lZQjHiWfRftDglEWlkl2kwcKxc"
"Tespit Öneri İlk Sayfa.pdf","https://drive.google.com/open?id=1wDbv9ApIZ3seUwi6b6_jhxnnUztYKd1f"
"Geçici Görevlendirme İle Çalışanlardan İstenecek Belgeler","https://drive.google.com/open?id=1v-SWQZDqhPq1R1tA34AIMOAd7hoW-ZTf7AcY-O-uZGA"
"YANGIN ve SÖNDÜRME TATBİKATI RAPORU","https://drive.google.com/open?id=13sHaOieBAvdjDMNOM4WHud_lbWo5cO27MmRTafSYoH8"
"Kaynak_2.pdf","https://drive.google.com/open?id=1eY0aClFCB0OUG9hRhthfTkF84K5JX2_z"
"Zirai İlaç Satış Risk Değerlendirme","https://drive.google.com/open?id=119_grkwRYYQ_rDb15d1e-g3oqtc40ldT8BvxEgreO0"
"Ziyaretçi Talimatı","https://drive.google.com/open?id=1iQ39HtNr_4xe4eBrYvmbILqnNJPUcXvLXX6guj08ZLA"
"İş Kazaları","https://drive.google.com/open?id=10OJHsU3h-DZXKe-LnOnEPJPT1yzZ3Qr37DR12XDgQoU"
"İşaretlemeler","https://drive.google.com/open?id=19d3Fm8m1t5zEnhdjxtK2xhH99l5kdGWATEkaZiHZAb4"
"Kara Yolu Ve Demir Yolu Taşımacılık Sistemleri Ata Aöf Ünite 2.pdf","https://drive.google.com/open?id=1iCAQev43EwxX9VeH4Q8DJkDmVzyW0K7Q"
"Mesleki Yeterlilik Belgesi Zorunluluğu Olan Meslekler.pdf","https://drive.google.com/open?id=1u9MdYBDgU_FidWwV6wg-tlEnC7AwTNlP"
"Lojistik Faaliyetlerinde Depolama Süreçlerinin İsg R D.pdf","https://drive.google.com/open?id=1KX_iNXMRRE7g8VDC4tDEI34covMjiDT6"
"İskele Kullanım Talimatı","https://drive.google.com/open?id=1YVz9RgYCf24MCIjCk50Vz721h8T4ypgYVSnmbyFdML4"
"El Aletleri Güvenlik Talimatı","https://drive.google.com/open?id=1CXVDDHIDRDUMKeTwy_Tju0hmpQgh384eyAWS7gXxT-U"
"Acil Durum Eylem Planı - Yeni","https://drive.google.com/open?id=19Z-0qUVsCDgccUqGXKVD0Hw_kkQ8-PAcDMyEaclf2gw"
"Kimyasal Tehlikeler Sunum","https://drive.google.com/open?id=1_w-lIHUX55DVGtvPmQejYWx05Vnvjs11DdP8B0DeA_U"
"Patlamandan Korunma Dökümanı Nasıl Hazırlanır.pdf","https://drive.google.com/open?id=1YBU0Z-1hTw6KgFg39PhfhMOMa08UGrcA"
"BASINÇLI KAPLAR ve BASINÇLI TÜPLER.PDF","https://drive.google.com/open?id=1heZB6-DYnqkzbCrny0cwQlXNVbI16ZJ5"
"EL ALETLERİ GÜVENLİ KULLANIMI.pdf","https://drive.google.com/open?id=11Zy0q2-CfzzzApMjSfn5Czm20YJlqVB1"
"Gırgır Vinç Kullanımında Alınacak Önlemler.pdf","https://drive.google.com/open?id=1mKAS7LsdXTN5mcFaB45KVCbu1BEntJ-i"
"Karayolları Taşımacılığında Çalışma Saatleri Ve Dinlenme.pdf","https://drive.google.com/open?id=1ieSXzgwGzQ6FGtyuVtegMtFNHDQjDh7-"
"Nace Kodları Mtisg.pdf","https://drive.google.com/open?id=1IE9totwpMYp1rSF0EYDAQoxOAwdLsKi7"
"YOL RİSK DEĞERLENDİRMESİ.pdf","https://drive.google.com/open?id=1qI6VJFWv0m2T7CCd2U0SiJYj0hKur7Ya"
"Yıl Sonu Değerlendirme Raporu Md Ekleyebilir Çıkarabilir_2.pdf","https://drive.google.com/open?id=1mWzl65qkhKll95b4L3uYDfiFMXpaoH-2"
"İsg Talimatlar.pdf","https://drive.google.com/open?id=1ecdCODea76hA9VJfWVeLM-YAzynMr5u0"
"Çıkmış Sorular.pdf","https://drive.google.com/open?id=1jH0NthuiKf0I5IdF7WGN9U_uod6lAGNN"
"Risk Değerlendirme Bülteni.pdf","https://drive.google.com/open?id=1UGowkryfQSViPWHdkcKGSf-iKFKadByO"
"Igu Hap Notları Korumasız.pdf","https://drive.google.com/open?id=1ixGY7yzNabJMkMNNUmKESBE8gTGnjTgJ"
"Yangın Çeklisti.pdf","https://drive.google.com/open?id=1X3vadbYZCWUwFOviuWjU87G_OAyNxAIA"
"Yangın Talimat_2.pdf","https://drive.google.com/open?id=11RvlPEvgqTajnWoCnvYV_NjZh5fW8VRh"
"GÜNEŞ ENERJİ SANTRALLERİNDE RİSK ANALİZİ.pdf","https://drive.google.com/open?id=1MjntwOKqHv_wcvYWeipHx-KqPDgQo-Fb"
"Acil durum - Resim.pdf","https://drive.google.com/open?id=1XrVSzq9_tqx-LwoRdnAG-r0mVg_5yAfw"
"Berber Risk Analizi","https://drive.google.com/open?id=185oYLhfLMIP6bhcgd4X0llIJD6DI3R50h20Bl_HVRPI"
"Belediye Temizlik İşleri Risk Analizi","https://drive.google.com/open?id=1R9Skf7meQezq3D3g6XEmN4NntaYf-sB2jwbWKHlS2Zw"
"SONDAJ SAHALARINDA TEMEL İŞ GÜVENLİĞİ KURALLARI","https://drive.google.com/open?id=120YjlDwNaCcLT-m_pFReeZi8ENC4G1Q0hB8DTQd9tZM"
"KREŞ ÇALIŞAN RİSK ANALİZİ","https://drive.google.com/open?id=1O_vvOlWLNOymqJCqlPNCqrDr8-2x3JSFMa7J-O_jJiw"
"Fabrika Genel - Risk Değerlendirme","https://drive.google.com/open?id=1FgPQDhdf6xTfebhfw2p_XhFlcawgE8MdV1VA7sgNP2M"
" DİYALİZ ÜNİTESİ Risk Analizi","https://drive.google.com/open?id=1tZCIdZv0fyANZrB0B3QYOXcwrDef5Rl2NoYAFsPEhRo"
"FİRMA DÖKÜMANTASYON, KONTROL ve KAYIT, KİMYASAL MALZEME YÖNETİM PROSEDÜRÜ","https://drive.google.com/open?id=1GbUtg_WYf323BtN7lhjLMdP3ipCCp-HSPKuawMn4QlI"
"Fen İşleri ve Park Bahçeler Risk Değerlendirme","https://drive.google.com/open?id=1RM5qPZloDqZQYS6W73X0WMkKeTiEvBGO5ut3dXBOHUM"
"Harfiyat Makinaları Kontrol Formu_2","https://drive.google.com/open?id=127IGVBCwl1Wb9ni2y9mpNot1dogx4L8EF7M5xrTaUSs"
"Golf Arabası Kullanma Talimatı","https://drive.google.com/open?id=1m9vq_0ouizsSKKmNc6YbY4kITF8urb771ZbgYBKui6o"
"El Dezenfektan Afiş","https://drive.google.com/open?id=1gVC_x8CXO6niQl1Scq2DUG9ljZbar7XAmkS7XfVe3KI"
"TEDBİRLİ ARAÇ KULLANIMI TALİMATI","https://drive.google.com/open?id=14Aab4QjBf706b_031y0t2ttPyAXsclRp8r7rhSkOYac"